{"initial_reset_timestamp": 1614522866.627843, "timestamps": [1614522867.3711693], "episode_lengths": [24], "episode_rewards": [24.0], "episode_types": ["t"]}